,I find real enjoyment in my job,Most days I am enthusiastic about my job,I feel fairly well satisfied with my job,I like my job better than the average person
Strongly disagree,25.0,25.0,25.0,25.0
Disagree,17.391304347826086,17.391304347826086,43.47826086956522,21.73913043478261
Neither agree or disagree,22.058823529411764,29.411764705882355,22.058823529411764,26.47058823529412
Agree,25.78397212543554,24.041811846689896,26.480836236933797,23.693379790940767
Strongly Agree,26.797385620915033,26.797385620915033,21.568627450980394,24.836601307189543
