,Do you receive sufficient information on the results of your work?,Does your work give you the opportunity to check on how well you are doing your work?,"In your work, do you have access to sufficient data and information?",Do you receive sufficient information on the purpose of your work?,Does your work provide you with direct feedback on how well you are doing your work?,Does your supervisor/line manager inform you about how well you are doing your work?,Do your colleagues inform you about how well you are doing your work?
Never,6.521739130434782,17.391304347826086,4.3478260869565215,6.521739130434782,21.73913043478261,21.73913043478261,21.73913043478261
Sometimes,12.145748987854251,15.789473684210526,7.28744939271255,6.0728744939271255,13.765182186234817,19.838056680161944,25.101214574898783
Often,17.00404858299595,14.979757085020243,15.384615384615385,5.263157894736842,15.789473684210526,15.384615384615385,16.194331983805668
Very Often,14.522821576763487,12.448132780082988,19.502074688796682,21.16182572614108,15.352697095435685,8.29875518672199,8.71369294605809
Always,16.184971098265898,10.982658959537572,16.76300578034682,32.947976878612714,10.404624277456648,9.248554913294797,3.4682080924855487
