,It would not be very difficult for me to get an equivalent job in a different organization,I can think of a number of organizations that would probably offer me a job,My experience is in demand on the labor market,"Given my qualifications and experience, getting a new job would not be very hard at all"
Strongly disagree,43.47826086956522,26.08695652173913,0.0,30.434782608695656
Disagree,49.122807017543856,31.57894736842105,8.771929824561402,10.526315789473683
Neither agree or disagree,30.555555555555557,28.703703703703702,17.59259259259259,23.14814814814815
Agree,16.894977168949772,23.74429223744292,30.59360730593607,28.767123287671232
Strongly Agree,20.30075187969925,21.052631578947366,33.08270676691729,25.563909774436087
