,How often do you feel frustrated when not given the opportunity to achieve your personal work-related goals?,How often do you look forward to another day at work?,How often do you consider leaving your job?,How often do dream about getting another job that will better suit your needs?
Never,29.09090909090909,20.909090909090907,31.818181818181817,18.181818181818183
Sometimes,22.145328719723185,24.22145328719723,31.141868512110726,22.491349480968857
Often,22.0,46.0,14.000000000000002,18.0
Very Often,33.33333333333333,0.0,0.0,66.66666666666666
Always,39.130434782608695,0.0,0.0,60.86956521739131
