How often do you release the software projects you've worked on under an open-source license?,open1can[SQ001]. How often do you release the software projects you've worked on under an open-source license? [] [PERCENTAGE]
1 (Never),0.0
2,5.042016806722689
3,3.361344537815126
4,2.5210084033613445
5,9.243697478991598
6,4.201680672268908
7,7.563025210084033
8,14.285714285714285
9,13.445378151260504
10 (Always),40.33613445378151
