Who uses the code that you write?,rse3[SQ001]. Who uses the code that you write? [] [PERCENTAGE]
0 - Mostly me,4.2682926829268295
1,8.536585365853659
2,12.195121951219512
3,28.04878048780488
4,21.341463414634145
5 - Mostly other people,25.609756097560975
