,Do you receive sufficient information on the results of your work?,Does your work give you the opportunity to check on how well you are doing your work?,"In your work, do you have access to sufficient data and information?",Do you receive sufficient information on the purpose of your work?,Does your work provide you with direct feedback on how well you are doing your work?,Does your supervisor/line manager inform you about how well you are doing your work?,Do your colleagues inform you about how well you are doing your work?
Never,8.0,32.0,4.0,0.0,16.0,28.000000000000004,12.0
Sometimes,18.181818181818183,14.935064935064934,5.844155844155844,5.194805194805195,20.12987012987013,16.883116883116884,18.83116883116883
Often,14.906832298136646,16.149068322981368,14.906832298136646,11.180124223602485,13.043478260869565,13.043478260869565,16.77018633540373
Very Often,11.570247933884298,9.917355371900827,25.6198347107438,24.793388429752067,9.917355371900827,11.570247933884298,6.6115702479338845
Always,10.0,8.0,16.0,34.0,10.0,10.0,12.0
