,It would not be very difficult for me to get an equivalent job in a different organisation,I can think of a number of organisations that would probably offer me a job,My experience is in demand on the labour market,"Given my qualifications and experience, getting a new job would not be very hard at all"
Strongly disagree,50.0,16.666666666666664,16.666666666666664,16.666666666666664
Disagree,56.00000000000001,12.0,16.0,16.0
Neither agree or disagree,32.3943661971831,33.80281690140845,14.084507042253522,19.718309859154928
Agree,18.84057971014493,25.36231884057971,28.985507246376812,26.811594202898554
Strongly Agree,13.461538461538462,19.230769230769234,34.61538461538461,32.69230769230769
