,It is likely that I will gain a promotion within my current group,The process I have to complete to gain a promotion is clear and understandable,There are many opportunities within my chosen career plan,My current position is an integral part of my career plan,It is likely that my next position will be an RSE role
Strongly disagree,30.555555555555557,36.11111111111111,16.666666666666664,5.555555555555555,11.11111111111111
Disagree,19.27710843373494,36.144578313253014,20.481927710843372,10.843373493975903,13.253012048192772
Neither agree or disagree,26.82926829268293,14.634146341463413,18.69918699186992,10.569105691056912,29.268292682926827
Agree,12.087912087912088,10.989010989010989,24.175824175824175,34.065934065934066,18.681318681318682
Strongly Agree,6.451612903225806,6.451612903225806,16.129032258064516,58.06451612903226,12.903225806451612
