Which organisation do you work for?,currentEmp4. Which organisation do you work for? [PERCENTAGE]
Netherlands eScience Center,51.724137931034484
Wageningen Research (DLO),6.896551724137931
ASTRON,6.896551724137931
Huygens ING,6.896551724137931
SRON,3.4482758620689653
AMOLF,3.4482758620689653
CWI,3.4482758620689653
Deltares,3.4482758620689653
RIVM,3.4482758620689653
Westerdijk Fungal Biodiversity Institute,3.4482758620689653
KNMI,3.4482758620689653
Koninklijke Bibliotheek,3.4482758620689653
