Who uses the code that you write?,rse3[SQ001]. Who uses the code that you write? [] [PERCENTAGE]
0 - Mostly me,6.493506493506493
1,6.493506493506493
2,19.480519480519483
3,20.77922077922078
4,22.07792207792208
5 - Mostly other people,24.675324675324674
