Please select your age,socio3. Please select your age [PERCENTAGE]
18 to 24 years,0.0
25 to 34 years,42.25352112676056
35 to 44 years,42.25352112676056
45 to 54 years,11.267605633802818
55 to 64 years,4.225352112676056
Age 65 or older,0.0
