There are many opportunities within my chosen career plan, It is likely that I will gain a promotion within my current group, The process I have to complete to gain a promotion is clear and understandable, There are many opportunities within my chosen career plan
Strongly disagree,42.922374429223744,38.81278538812785,18.2648401826484
Disagree,29.777777777777775,34.66666666666667,35.55555555555556
Neither agree or disagree,30.65326633165829,26.633165829145728,42.71356783919598
Agree,31.666666666666664,31.666666666666664,36.666666666666664
Strongly Agree,22.641509433962266,33.9622641509434,43.39622641509434
