,Yes,No
 Do you work for a university? [PERCENTAGE],74.90774907749078,25.092250922509223
