,Yes,No
 Is this your first job? [PERCENTAGE],17.27941176470588,82.72058823529412
