Please rate the following propositions,Do you receive sufficient information on the results of your work?,Do you get the opportunity to check on how well you are doing your work?,Do you have access to sufficient data and information to do your work?,Do you receive sufficient information on the purpose of your work?,Does your work provide you with direct feedback on how well you are doing?,Does your supervisor/line manager inform you about how well you are doing your work?,Do your colleagues inform you about how well you are doing your work?
Never,6.493506493506493,22.07792207792208,1.2987012987012987,7.792207792207792,19.480519480519483,16.883116883116884,25.97402597402597
Sometimes,13.028169014084506,15.845070422535212,7.746478873239436,6.690140845070422,20.246478873239436,17.077464788732392,19.366197183098592
Often,15.233415233415235,16.707616707616708,15.233415233415235,17.936117936117938,10.073710073710075,13.022113022113022,11.793611793611793
Very Often,17.28813559322034,10.16949152542373,25.423728813559322,16.94915254237288,9.830508474576272,9.491525423728813,10.847457627118644
Always,13.815789473684212,5.263157894736842,26.31578947368421,30.92105263157895,8.552631578947368,10.526315789473683,4.605263157894736
