Please rate the following propositions,It would not be very difficult for me to get an equivalent job in a different organisation,I can think of a number of organisations that would probably offer me a job,My experience is in demand on the labour market,"Given my qualifications and experience, getting a new job would not be very hard at all"
Strongly disagree,45.83333333333333,8.333333333333332,12.5,33.33333333333333
Disagree,45.348837209302324,16.27906976744186,15.11627906976744,23.25581395348837
Neither agree or disagree,31.683168316831683,17.326732673267326,18.316831683168317,32.67326732673268
Agree,18.04733727810651,29.88165680473373,29.88165680473373,22.189349112426036
Strongly Agree,17.22488038277512,33.014354066985646,28.708133971291865,21.052631578947366
