,I am satisfied with my supervisor/line manager's confidence in me,I am satisfied with a word of thanks from my supervisor/line manager,I am satisfied with the recognition I receive from my supervisor/line manager for doing my job,I am satisfied with the compliments from my supervisor/line manager concerning my work,I am satisfied with the encouragement from my supervisor/line manager while doing my job
Strongly disagree,15.0,20.0,22.5,20.0,22.5
Disagree,9.558823529411764,16.176470588235293,22.794117647058822,27.205882352941174,24.264705882352942
Neither agree or disagree,14.018691588785046,27.102803738317753,17.289719626168225,20.093457943925234,21.49532710280374
Agree,22.245762711864405,18.85593220338983,19.06779661016949,21.398305084745765,18.43220338983051
Strongly Agree,28.426395939086298,18.781725888324875,25.888324873096447,9.644670050761421,17.258883248730964
