,I find real enjoyment in my job,Most days I am enthusiastic about my job,I feel satisfied with my job,I like my job more than average
Strongly disagree,16.0,20.0,36.0,28.000000000000004
Disagree,16.129032258064516,25.806451612903224,41.935483870967744,16.129032258064516
Neither agree or disagree,14.492753623188406,26.811594202898554,28.985507246376812,29.71014492753623
Agree,22.511848341232227,27.251184834123222,26.303317535545023,23.933649289099527
Strongly Agree,41.73913043478261,21.73913043478261,12.608695652173912,23.91304347826087
