Who uses the code that you write?,rse3[SQ001]. Who uses the code that you write? [] [PERCENTAGE]
0 - Mostly me,2.8455284552845526
1,13.821138211382115
2,12.601626016260163
3,15.447154471544716
4,24.390243902439025
5 - Mostly other people,30.89430894308943
