Please select your age,socio3. Please select your age [PERCENTAGE]
18 to 24 years,1.8181818181818181
25 to 34 years,35.45454545454545
35 to 44 years,40.0
45 to 54 years,17.272727272727273
55 to 64 years,5.454545454545454
