,How often do you feel frustrated when not given the opportunity to achieve your personal work-related goals?,How often do you look forward to another day at work?,How often do you consider leaving your job?,How often do you dream about getting another job that will better suit your needs?
Never,20.64516129032258,16.7741935483871,34.83870967741935,27.741935483870968
Sometimes,21.92393736017897,25.727069351230426,30.201342281879196,22.14765100671141
Often,24.404761904761905,44.047619047619044,17.857142857142858,13.690476190476192
Very Often,41.37931034482759,0.0,0.0,58.620689655172406
Always,38.70967741935484,0.0,0.0,61.29032258064516
