,It would not be very difficult for me to get an equivalent job in a different organisation,I can think of a number of organisations that would probably offer me a job,My experience is in demand on the labour market,"Given my qualifications and experience, getting a new job would not be very hard at all"
Strongly disagree,23.61111111111111,34.72222222222222,12.5,29.166666666666668
Disagree,28.24427480916031,31.297709923664126,16.793893129770993,23.66412213740458
Neither agree or disagree,25.981873111782477,25.6797583081571,22.9607250755287,25.377643504531722
Agree,24.456521739130434,24.728260869565215,27.445652173913043,23.369565217391305
Strongly Agree,22.413793103448278,15.517241379310345,35.05747126436782,27.011494252873565
