How often do you release the software projects you've worked on under an open-source licence?,open1can[SQ001]. How often do you release the software projects you've worked on under an open-source licence? [] [PERCENTAGE]
﻿1 (None at all),0.0
2,6.951871657754011
3,4.27807486631016
4,1.06951871657754
5,13.368983957219251
6,5.88235294117647
7,8.02139037433155
8,8.55614973262032
9,10.16042780748663
10 (All my time),41.711229946524064
