Please select your renumeration group according to your collective bargaining agreement,socio10de. Please select your renumeration group according to your collective bargaining agreement [PERCENTAGE]
E1-E7,2.7777777777777777
E8,0.3968253968253968
E10,2.380952380952381
E11,3.571428571428571
E12,2.380952380952381
E13,55.952380952380956
E14,14.682539682539684
E15,1.984126984126984
Other,15.873015873015872
