Please select your age,socio3. Please select your age [PERCENTAGE]
25 to 34 years,45.038167938931295
35 to 44 years,38.54961832061068
45 to 54 years,8.778625954198473
55 to 64 years,5.7251908396946565
18 to 24 years,1.9083969465648856
