,It would not be very difficult for me to get an equivalent job in a different organisation,I can think of a number of organisations that would probably offer me a job,My experience is in demand on the labour market,"Given my qualifications and experience, getting a new job would not be very hard at all"
Strongly disagree,33.33333333333333,16.666666666666664,16.666666666666664,33.33333333333333
Disagree,28.57142857142857,28.57142857142857,14.285714285714285,28.57142857142857
Neither agree or disagree,30.0,20.0,30.0,20.0
Agree,19.230769230769234,26.923076923076923,26.923076923076923,26.923076923076923
Strongly Agree,16.666666666666664,33.33333333333333,33.33333333333333,16.666666666666664
