Please select the range of your annual salary,socio4. Please select the range of your annual salary [PERCENTAGE]
Less than R 189 880,15.384615384615385
Between R 296 541 and R 410 460,23.076923076923077
Between R 555 601 and R 708 310,7.6923076923076925
Between R 708 311 and R 1 500 000,46.15384615384615
More than R 1 500 000,7.6923076923076925
