Please select your age,socio3. Please select your age [PERCENTAGE]
25 to 34 years,38.46153846153847
35 to 44 years,38.46153846153847
45 to 54 years,15.384615384615385
Age 65 or older,7.6923076923076925
